{"cameraMode":{"drawMode":0,"name":"Shaded","section":"Shading Mode"},"sceneLighting":false,"audioPlay":false,"sceneViewState":{"m_AlwaysRefresh":false,"showFog":true,"showSkybox":false,"showFlares":true,"showImageEffects":true,"showParticleSystems":true,"showVisualEffectGraphs":true,"m_FxEnabled":true},"in2DMode":false,"pivot":{"x":0.04518149048089981,"y":2.710937261581421,"z":12.743146896362305},"rotation":{"x":-0.054871805012226108,"y":-0.0032754666171967985,"z":0.00010475623275851831,"w":-0.9985256195068359},"size":13.920873641967774,"orthographic":false}