{"cameraMode":{"drawMode":0,"name":"Shaded","section":"Shading Mode"},"sceneLighting":false,"audioPlay":false,"sceneViewState":{"m_AlwaysRefresh":false,"showFog":true,"showSkybox":false,"showFlares":true,"showImageEffects":true,"showParticleSystems":true,"showVisualEffectGraphs":true,"m_FxEnabled":true},"in2DMode":false,"pivot":{"x":-0.6595549583435059,"y":1.132243037223816,"z":-1.0138009786605836},"rotation":{"x":0.06320859491825104,"y":-0.3247348368167877,"z":0.021756533533334733,"w":0.9434437155723572},"size":0.6725144386291504,"orthographic":false}