{"cameraMode":{"drawMode":0,"name":"Shaded","section":"Shading Mode"},"sceneLighting":true,"audioPlay":false,"sceneViewState":{"m_AlwaysRefresh":false,"showFog":true,"showSkybox":true,"showFlares":true,"showImageEffects":true,"showParticleSystems":true,"showVisualEffectGraphs":true,"m_FxEnabled":true},"in2DMode":false,"pivot":{"x":5005.40478515625,"y":2.674377679824829,"z":-31.600234985351564},"rotation":{"x":-0.03654247894883156,"y":0.05362442508339882,"z":0.001959466375410557,"w":0.9979198575019836},"size":1.0222772359848023,"orthographic":false}