{"cameraMode":{"drawMode":0,"name":"Shaded","section":"Shading Mode"},"sceneLighting":true,"audioPlay":false,"sceneViewState":{"m_AlwaysRefresh":false,"showFog":true,"showSkybox":true,"showFlares":true,"showImageEffects":true,"showParticleSystems":true,"showVisualEffectGraphs":true,"m_FxEnabled":true},"in2DMode":false,"pivot":{"x":5004.07861328125,"y":2.6295053958892824,"z":-35.55843734741211},"rotation":{"x":0.006944627035409212,"y":0.9636338949203491,"z":0.025159010663628579,"w":-0.2660588026046753},"size":1.070447325706482,"orthographic":false}