{"cameraMode":{"drawMode":0,"name":"Shaded","section":"Shading Mode"},"sceneLighting":true,"audioPlay":false,"sceneViewState":{"m_AlwaysRefresh":false,"showFog":true,"showSkybox":true,"showFlares":true,"showImageEffects":true,"showParticleSystems":true,"showVisualEffectGraphs":true,"m_FxEnabled":true},"in2DMode":false,"pivot":{"x":4999.8134765625,"y":1.3785724639892579,"z":1.6483603715896607},"rotation":{"x":0.0003602360957302153,"y":0.9968652725219727,"z":-0.004795125685632229,"w":0.07940276712179184},"size":0.01432121079415083,"orthographic":false}